{"stats":{"minecraft:killed":{"minecraft:sheep":4,"minecraft:chicken":2},"minecraft:dropped":{"minecraft:wheat_seeds":1,"minecraft:feather":1,"minecraft:wooden_pickaxe":2},"minecraft:mined":{"minecraft:white_bed":1,"minecraft:furnace":1,"minecraft:iron_ore":1,"minecraft:crafting_table":3,"minecraft:grass":10,"minecraft:coal_ore":15,"minecraft:oak_log":14,"minecraft:poppy":1,"minecraft:stone":40,"minecraft:oak_leaves":4},"minecraft:custom":{"minecraft:time_since_rest":7842,"minecraft:interact_with_furnace":5,"minecraft:sprint_one_cm":53370,"minecraft:damage_taken":70,"minecraft:walk_one_cm":24043,"minecraft:mob_kills":6,"minecraft:drop":4,"minecraft:damage_dealt":400,"minecraft:interact_with_crafting_table":5,"minecraft:fly_one_cm":45284,"minecraft:crouch_one_cm":191,"minecraft:play_time":12476,"minecraft:sneak_time":64,"minecraft:jump":246,"minecraft:walk_on_water_one_cm":992,"minecraft:time_since_death":12476,"minecraft:sleep_in_bed":1,"minecraft:total_world_time":12476,"minecraft:fall_one_cm":5821},"minecraft:used":{"minecraft:stone_sword":4,"minecraft:stone_pickaxe":63,"minecraft:wooden_pickaxe":3,"minecraft:crafting_table":3,"minecraft:furnace":1,"minecraft:cooked_porkchop":2,"minecraft:white_bed":1},"minecraft:crafted":{"minecraft:black_dye":1,"minecraft:red_dye":1,"minecraft:oak_planks":20,"minecraft:crafting_table":1,"minecraft:stick":8,"minecraft:wooden_pickaxe":1,"minecraft:cooked_chicken":2,"minecraft:stone_pickaxe":1,"minecraft:stone_sword":1,"minecraft:black_bed":1,"minecraft:red_bed":1,"minecraft:furnace":1,"minecraft:white_bed":1,"minecraft:air":0,"minecraft:cooked_mutton":4},"minecraft:picked_up":{"minecraft:raw_iron":1,"minecraft:crafting_table":3,"minecraft:feather":1,"minecraft:chicken":2,"minecraft:cooked_porkchop":3,"minecraft:wooden_pickaxe":1,"minecraft:oak_log":14,"minecraft:ink_sac":1,"minecraft:white_bed":1,"minecraft:wheat_seeds":1,"minecraft:poppy":1,"minecraft:light_gray_wool":1,"minecraft:mutton":4,"minecraft:coal":15,"minecraft:white_wool":3,"minecraft:cobblestone":39,"minecraft:furnace":1}},"DataVersion":3465}