{"stats":{"minecraft:killed":{"minecraft:pig":1,"minecraft:spider":1,"minecraft:sheep":8,"minecraft:skeleton":5,"minecraft:zombie":1,"minecraft:chicken":2},"minecraft:dropped":{"minecraft:iron_ingot":22,"minecraft:wheat_seeds":1,"minecraft:feather":1,"minecraft:wooden_pickaxe":2},"minecraft:killed_by":{"minecraft:skeleton":1,"minecraft:zombie":1},"minecraft:mined":{"minecraft:white_bed":1,"minecraft:crafting_table":6,"minecraft:torch":4,"minecraft:poppy":1,"minecraft:wall_torch":2,"minecraft:furnace":3,"minecraft:iron_ore":31,"minecraft:black_bed":2,"minecraft:grass":17,"minecraft:oak_log":21,"minecraft:coal_ore":117,"minecraft:gravel":2,"minecraft:stone":79,"minecraft:oak_leaves":5,"minecraft:deepslate":1},"minecraft:broken":{"minecraft:stone_pickaxe":1},"minecraft:custom":{"minecraft:interact_with_furnace":16,"minecraft:mob_kills":18,"minecraft:interact_with_crafting_table":10,"minecraft:time_since_death":24585,"minecraft:sleep_in_bed":3,"minecraft:time_since_rest":4274,"minecraft:sprint_one_cm":225282,"minecraft:damage_taken":1263,"minecraft:walk_one_cm":136515,"minecraft:drop":6,"minecraft:damage_dealt":2557,"minecraft:swim_one_cm":10011,"minecraft:fly_one_cm":174535,"minecraft:crouch_one_cm":3425,"minecraft:play_time":54476,"minecraft:deaths":2,"minecraft:sneak_time":1687,"minecraft:walk_under_water_one_cm":6431,"minecraft:jump":1242,"minecraft:walk_on_water_one_cm":8514,"minecraft:total_world_time":54476,"minecraft:fall_one_cm":28253},"minecraft:used":{"minecraft:cooked_mutton":6,"minecraft:stone_sword":71,"minecraft:stone_pickaxe":239,"minecraft:wooden_pickaxe":3,"minecraft:rotten_flesh":9,"minecraft:cooked_chicken":2,"minecraft:torch":60,"minecraft:crafting_table":6,"minecraft:white_bed":1,"minecraft:black_bed":2,"minecraft:iron_helmet":1,"minecraft:light_gray_wool":1,"minecraft:cobblestone":43,"minecraft:furnace":3,"minecraft:cooked_porkchop":3,"minecraft:cobbled_deepslate":8},"minecraft:crafted":{"minecraft:red_dye":1,"minecraft:black_dye":1,"minecraft:oak_planks":28,"minecraft:crafting_table":1,"minecraft:wooden_pickaxe":1,"minecraft:iron_helmet":1,"minecraft:cooked_chicken":2,"minecraft:red_bed":1,"minecraft:furnace":2,"minecraft:cooked_mutton":4,"minecraft:air":0,"minecraft:iron_boots":1,"minecraft:iron_chestplate":1,"minecraft:shield":1,"minecraft:stick":20,"minecraft:iron_ingot":31,"minecraft:stone_pickaxe":2,"minecraft:stone_sword":1,"minecraft:iron_leggings":1,"minecraft:black_bed":1,"minecraft:white_bed":1,"minecraft:torch":52},"minecraft:picked_up":{"minecraft:crafting_table":8,"minecraft:feather":1,"minecraft:chicken":2,"minecraft:black_bed":3,"minecraft:wooden_pickaxe":1,"minecraft:flint":1,"minecraft:tuff":1,"minecraft:oak_log":53,"minecraft:cooked_mutton":6,"minecraft:bone":6,"minecraft:wheat_seeds":1,"minecraft:cobbled_deepslate":9,"minecraft:iron_ingot":23,"minecraft:cooked_chicken":4,"minecraft:stone_pickaxe":2,"minecraft:poppy":1,"minecraft:light_gray_wool":2,"minecraft:oak_planks":6,"minecraft:furnace":5,"minecraft:raw_iron":45,"minecraft:cooked_porkchop":3,"minecraft:torch":57,"minecraft:gravel":1,"minecraft:porkchop":2,"minecraft:ink_sac":1,"minecraft:white_bed":1,"minecraft:stone_sword":2,"minecraft:arrow":13,"minecraft:rotten_flesh":11,"minecraft:black_wool":1,"minecraft:mutton":10,"minecraft:coal":229,"minecraft:white_wool":6,"minecraft:cobblestone":156}},"DataVersion":3465}