{"stats":{"minecraft:killed":{"minecraft:spider":1,"minecraft:sheep":4,"minecraft:skeleton":5,"minecraft:chicken":2},"minecraft:dropped":{"minecraft:wheat_seeds":1,"minecraft:feather":1,"minecraft:wooden_pickaxe":2},"minecraft:killed_by":{"minecraft:skeleton":1,"minecraft:zombie":1},"minecraft:mined":{"minecraft:white_bed":1,"minecraft:crafting_table":5,"minecraft:torch":2,"minecraft:poppy":1,"minecraft:wall_torch":2,"minecraft:furnace":1,"minecraft:iron_ore":31,"minecraft:grass":11,"minecraft:oak_log":21,"minecraft:coal_ore":94,"minecraft:stone":70,"minecraft:oak_leaves":5},"minecraft:broken":{"minecraft:stone_pickaxe":1},"minecraft:custom":{"minecraft:interact_with_furnace":5,"minecraft:mob_kills":12,"minecraft:interact_with_crafting_table":6,"minecraft:time_since_death":6585,"minecraft:sleep_in_bed":2,"minecraft:time_since_rest":6610,"minecraft:sprint_one_cm":166818,"minecraft:damage_taken":920,"minecraft:walk_one_cm":89145,"minecraft:drop":4,"minecraft:damage_dealt":2019,"minecraft:swim_one_cm":10011,"minecraft:fly_one_cm":131461,"minecraft:crouch_one_cm":1703,"minecraft:play_time":36476,"minecraft:deaths":2,"minecraft:sneak_time":854,"minecraft:walk_under_water_one_cm":6431,"minecraft:jump":789,"minecraft:walk_on_water_one_cm":8219,"minecraft:total_world_time":36476,"minecraft:fall_one_cm":20882},"minecraft:used":{"minecraft:cooked_mutton":4,"minecraft:stone_sword":46,"minecraft:stone_pickaxe":202,"minecraft:wooden_pickaxe":3,"minecraft:torch":36,"minecraft:crafting_table":5,"minecraft:white_bed":1,"minecraft:black_bed":1,"minecraft:light_gray_wool":1,"minecraft:cobblestone":6,"minecraft:furnace":1,"minecraft:cooked_porkchop":3,"minecraft:cobbled_deepslate":2},"minecraft:crafted":{"minecraft:red_dye":1,"minecraft:black_dye":1,"minecraft:oak_planks":20,"minecraft:crafting_table":1,"minecraft:wooden_pickaxe":1,"minecraft:cooked_chicken":2,"minecraft:red_bed":1,"minecraft:furnace":1,"minecraft:cooked_mutton":4,"minecraft:air":0,"minecraft:stick":20,"minecraft:stone_pickaxe":2,"minecraft:stone_sword":1,"minecraft:black_bed":1,"minecraft:white_bed":1,"minecraft:torch":52},"minecraft:picked_up":{"minecraft:crafting_table":7,"minecraft:feather":1,"minecraft:chicken":2,"minecraft:black_bed":1,"minecraft:wooden_pickaxe":1,"minecraft:oak_log":53,"minecraft:cooked_mutton":4,"minecraft:bone":6,"minecraft:wheat_seeds":1,"minecraft:cobbled_deepslate":2,"minecraft:cooked_chicken":4,"minecraft:stone_pickaxe":2,"minecraft:poppy":1,"minecraft:light_gray_wool":2,"minecraft:oak_planks":6,"minecraft:furnace":3,"minecraft:raw_iron":45,"minecraft:cooked_porkchop":3,"minecraft:torch":54,"minecraft:ink_sac":1,"minecraft:white_bed":1,"minecraft:stone_sword":2,"minecraft:arrow":13,"minecraft:mutton":4,"minecraft:coal":207,"minecraft:white_wool":3,"minecraft:cobblestone":145}},"DataVersion":3465}