{"stats":{"minecraft:killed":{"minecraft:skeleton":1,"minecraft:sheep":4,"minecraft:chicken":2},"minecraft:dropped":{"minecraft:wheat_seeds":1,"minecraft:feather":1,"minecraft:wooden_pickaxe":2},"minecraft:broken":{"minecraft:stone_pickaxe":1},"minecraft:killed_by":{"minecraft:skeleton":1},"minecraft:mined":{"minecraft:white_bed":1,"minecraft:furnace":1,"minecraft:iron_ore":1,"minecraft:torch":2,"minecraft:crafting_table":3,"minecraft:grass":11,"minecraft:coal_ore":76,"minecraft:oak_log":21,"minecraft:poppy":1,"minecraft:stone":46,"minecraft:oak_leaves":5},"minecraft:custom":{"minecraft:time_since_rest":834,"minecraft:interact_with_furnace":5,"minecraft:sprint_one_cm":128304,"minecraft:damage_taken":460,"minecraft:walk_one_cm":48265,"minecraft:mob_kills":7,"minecraft:drop":4,"minecraft:damage_dealt":1077,"minecraft:swim_one_cm":5105,"minecraft:interact_with_crafting_table":5,"minecraft:fly_one_cm":110621,"minecraft:deaths":1,"minecraft:crouch_one_cm":565,"minecraft:play_time":24476,"minecraft:sneak_time":239,"minecraft:walk_under_water_one_cm":628,"minecraft:jump":557,"minecraft:walk_on_water_one_cm":3988,"minecraft:time_since_death":6344,"minecraft:sleep_in_bed":2,"minecraft:total_world_time":24476,"minecraft:fall_one_cm":13556},"minecraft:used":{"minecraft:cooked_mutton":3,"minecraft:stone_sword":24,"minecraft:stone_pickaxe":130,"minecraft:wooden_pickaxe":3,"minecraft:light_gray_wool":1,"minecraft:torch":3,"minecraft:crafting_table":3,"minecraft:furnace":1,"minecraft:cooked_porkchop":3,"minecraft:white_bed":1,"minecraft:black_bed":1},"minecraft:crafted":{"minecraft:black_dye":1,"minecraft:red_dye":1,"minecraft:oak_planks":20,"minecraft:crafting_table":1,"minecraft:stick":8,"minecraft:wooden_pickaxe":1,"minecraft:cooked_chicken":2,"minecraft:stone_pickaxe":1,"minecraft:stone_sword":1,"minecraft:black_bed":1,"minecraft:red_bed":1,"minecraft:furnace":1,"minecraft:white_bed":1,"minecraft:torch":12,"minecraft:air":0,"minecraft:cooked_mutton":4},"minecraft:picked_up":{"minecraft:raw_iron":2,"minecraft:crafting_table":4,"minecraft:feather":1,"minecraft:chicken":2,"minecraft:cooked_porkchop":3,"minecraft:black_bed":1,"minecraft:torch":13,"minecraft:wooden_pickaxe":1,"minecraft:oak_log":37,"minecraft:ink_sac":1,"minecraft:white_bed":1,"minecraft:cooked_mutton":4,"minecraft:stone_sword":1,"minecraft:arrow":4,"minecraft:bone":2,"minecraft:wheat_seeds":1,"minecraft:stone_pickaxe":1,"minecraft:cooked_chicken":2,"minecraft:poppy":1,"minecraft:light_gray_wool":2,"minecraft:oak_planks":6,"minecraft:mutton":4,"minecraft:coal":113,"minecraft:white_wool":3,"minecraft:cobblestone":74,"minecraft:furnace":2}},"DataVersion":3465}