{"stats":{"minecraft:killed":{"minecraft:witch":1,"minecraft:spider":6,"minecraft:skeleton":15,"minecraft:chicken":4,"minecraft:drowned":1,"minecraft:wolf":1,"minecraft:pig":25,"minecraft:zombie_villager":1,"minecraft:creeper":2,"minecraft:sheep":8,"minecraft:zombie":12,"minecraft:cow":2},"minecraft:dropped":{"minecraft:water_bucket":1,"minecraft:porkchop":2,"minecraft:wheat_seeds":8,"minecraft:lapis_lazuli":3,"minecraft:cooked_porkchop":3,"minecraft:granite":1,"minecraft:purple_dye":1,"minecraft:diorite":5,"minecraft:ink_sac":3,"minecraft:kelp":56,"minecraft:rotten_flesh":12,"minecraft:cooked_mutton":2,"minecraft:gunpowder":2,"minecraft:andesite":8,"minecraft:spider_eye":3,"minecraft:bow":1},"minecraft:broken":{"minecraft:stone_sword":1,"minecraft:stone_pickaxe":2,"minecraft:iron_pickaxe":1},"minecraft:mined":{"minecraft:tuff":1,"minecraft:white_bed":1,"minecraft:deepslate_diamond_ore":2,"minecraft:granite":1,"minecraft:grass_block":9,"minecraft:kelp":2,"minecraft:furnace":7,"minecraft:iron_ore":56,"minecraft:cobbled_deepslate":1,"minecraft:andesite":12,"minecraft:deepslate_lapis_ore":12,"minecraft:deepslate_iron_ore":5,"minecraft:stone":149,"minecraft:kelp_plant":10,"minecraft:crafting_table":6,"minecraft:cornflower":2,"minecraft:torch":6,"minecraft:poppy":1,"minecraft:tall_grass":6,"minecraft:cobblestone":4,"minecraft:lapis_ore":4,"minecraft:deepslate_gold_ore":14,"minecraft:oak_planks":1,"minecraft:sugar_cane":19,"minecraft:diorite":4,"minecraft:wall_torch":3,"minecraft:purple_bed":3,"minecraft:grass":39,"minecraft:oak_log":26,"minecraft:coal_ore":247,"minecraft:gravel":2,"minecraft:dirt":10,"minecraft:oak_leaves":43,"minecraft:deepslate":16},"minecraft:custom":{"minecraft:mob_kills":84,"minecraft:interact_with_crafting_table":24,"minecraft:leave_game":1,"minecraft:time_since_death":98767,"minecraft:sprint_one_cm":397560,"minecraft:walk_one_cm":228135,"minecraft:damage_blocked_by_shield":210,"minecraft:drop":37,"minecraft:play_time":98767,"minecraft:sneak_time":3766,"minecraft:walk_under_water_one_cm":5000,"minecraft:jump":2297,"minecraft:walk_on_water_one_cm":10836,"minecraft:total_world_time":98767,"minecraft:interact_with_furnace":59,"minecraft:sleep_in_bed":7,"minecraft:time_since_rest":1070,"minecraft:damage_taken":2757,"minecraft:damage_dealt":11235,"minecraft:fly_one_cm":339664,"minecraft:swim_one_cm":40922,"minecraft:open_chest":8,"minecraft:crouch_one_cm":5387,"minecraft:fall_one_cm":59320},"minecraft:used":{"minecraft:stone_sword":134,"minecraft:dried_kelp":8,"minecraft:chest":1,"minecraft:shield":6,"minecraft:iron_sword":112,"minecraft:rotten_flesh":1,"minecraft:iron_chestplate":1,"minecraft:torch":86,"minecraft:dirt":13,"minecraft:tuff":1,"minecraft:lava_bucket":9,"minecraft:bow":9,"minecraft:furnace":9,"minecraft:egg":4,"minecraft:cobbled_deepslate":1,"minecraft:iron_leggings":1,"minecraft:cooked_mutton":10,"minecraft:water_bucket":19,"minecraft:diorite":1,"minecraft:stone_pickaxe":264,"minecraft:oak_planks":1,"minecraft:wooden_pickaxe":8,"minecraft:crafting_table":8,"minecraft:white_bed":1,"minecraft:chicken":1,"minecraft:iron_pickaxe":282,"minecraft:gravel":2,"minecraft:stone_axe":8,"minecraft:cobblestone":28,"minecraft:purple_bed":5,"minecraft:cooked_porkchop":26,"minecraft:andesite":1,"minecraft:bucket":29},"minecraft:crafted":{"minecraft:oak_planks":96,"minecraft:purple_bed":1,"minecraft:cooked_chicken":3,"minecraft:furnace":2,"minecraft:cooked_mutton":12,"minecraft:bow":1,"minecraft:iron_boots":1,"minecraft:stone_pickaxe":2,"minecraft:chest":1,"minecraft:cooked_beef":3,"minecraft:coal_block":11,"minecraft:red_dye":1,"minecraft:cooked_porkchop":18,"minecraft:crafting_table":3,"minecraft:dried_kelp":5,"minecraft:wooden_pickaxe":1,"minecraft:iron_helmet":1,"minecraft:iron_sword":1,"minecraft:bucket":1,"minecraft:stone_axe":1,"minecraft:air":0,"minecraft:blue_dye":1,"minecraft:iron_chestplate":1,"minecraft:purple_dye":2,"minecraft:shield":1,"minecraft:stick":44,"minecraft:iron_ingot":30,"minecraft:iron_pickaxe":2,"minecraft:stone_sword":1,"minecraft:iron_leggings":1,"minecraft:white_bed":1,"minecraft:torch":96,"minecraft:lapis_block":10},"minecraft:picked_up":{"minecraft:crafting_table":5,"minecraft:chicken":4,"minecraft:cornflower":1,"minecraft:string":12,"minecraft:cobbled_deepslate":19,"minecraft:beef":3,"minecraft:poppy":1,"minecraft:sugar_cane":56,"minecraft:furnace":7,"minecraft:egg":4,"minecraft:stick":4,"minecraft:raw_iron":61,"minecraft:torch":10,"minecraft:porkchop":50,"minecraft:dried_kelp":3,"minecraft:diorite":6,"minecraft:arrow":21,"minecraft:rotten_flesh":16,"minecraft:mutton":16,"minecraft:white_wool":9,"minecraft:cobblestone":162,"minecraft:feather":3,"minecraft:water_bucket":1,"minecraft:andesite":9,"minecraft:leather":2,"minecraft:tuff":1,"minecraft:oak_log":24,"minecraft:gunpowder":4,"minecraft:dirt":26,"minecraft:lapis_lazuli":93,"minecraft:bone":8,"minecraft:kelp":120,"minecraft:bow":1,"minecraft:wheat_seeds":9,"minecraft:raw_gold":14,"minecraft:iron_ingot":22,"minecraft:glowstone_dust":3,"minecraft:cooked_porkchop":14,"minecraft:gravel":2,"minecraft:ink_sac":3,"minecraft:white_bed":1,"minecraft:spider_eye":3,"minecraft:purple_bed":4,"minecraft:diamond":2,"minecraft:granite":1,"minecraft:oak_sapling":9,"minecraft:coal":424}},"DataVersion":3465}