{"stats":{"minecraft:killed":{"minecraft:pig":11,"minecraft:sheep":6,"minecraft:chicken":4,"minecraft:cow":2},"minecraft:dropped":{"minecraft:wheat_seeds":1,"minecraft:cooked_porkchop":3,"minecraft:purple_dye":1,"minecraft:diorite":4,"minecraft:ink_sac":3},"minecraft:mined":{"minecraft:white_bed":1,"minecraft:crafting_table":3,"minecraft:cornflower":1,"minecraft:grass_block":4,"minecraft:poppy":1,"minecraft:tall_grass":1,"minecraft:sugar_cane":12,"minecraft:diorite":2,"minecraft:furnace":1,"minecraft:grass":12,"minecraft:coal_ore":27,"minecraft:oak_log":26,"minecraft:dirt":9,"minecraft:stone":44,"minecraft:oak_leaves":39},"minecraft:custom":{"minecraft:interact_with_furnace":9,"minecraft:mob_kills":23,"minecraft:interact_with_crafting_table":6,"minecraft:leave_game":1,"minecraft:time_since_death":20767,"minecraft:sleep_in_bed":1,"minecraft:time_since_rest":7842,"minecraft:sprint_one_cm":68659,"minecraft:damage_taken":170,"minecraft:walk_one_cm":31622,"minecraft:drop":12,"minecraft:damage_dealt":1960,"minecraft:swim_one_cm":15457,"minecraft:fly_one_cm":62315,"minecraft:crouch_one_cm":4312,"minecraft:play_time":20767,"minecraft:sneak_time":2964,"minecraft:walk_under_water_one_cm":932,"minecraft:jump":358,"minecraft:walk_on_water_one_cm":2639,"minecraft:total_world_time":20767,"minecraft:fall_one_cm":12693},"minecraft:used":{"minecraft:stone_sword":45,"minecraft:stone_pickaxe":76,"minecraft:wooden_pickaxe":8,"minecraft:dirt":8,"minecraft:crafting_table":3,"minecraft:white_bed":1,"minecraft:chicken":1,"minecraft:stone_axe":3,"minecraft:cobblestone":2,"minecraft:furnace":2,"minecraft:cooked_porkchop":4,"minecraft:egg":2},"minecraft:crafted":{"minecraft:red_dye":1,"minecraft:oak_planks":96,"minecraft:cooked_porkchop":8,"minecraft:crafting_table":1,"minecraft:purple_bed":1,"minecraft:wooden_pickaxe":1,"minecraft:furnace":1,"minecraft:stone_axe":1,"minecraft:air":0,"minecraft:blue_dye":1,"minecraft:purple_dye":2,"minecraft:stick":4,"minecraft:stone_pickaxe":1,"minecraft:stone_sword":1,"minecraft:white_bed":1},"minecraft:picked_up":{"minecraft:crafting_table":2,"minecraft:feather":3,"minecraft:chicken":4,"minecraft:leather":2,"minecraft:oak_log":24,"minecraft:cornflower":1,"minecraft:dirt":13,"minecraft:wheat_seeds":1,"minecraft:beef":3,"minecraft:poppy":1,"minecraft:sugar_cane":34,"minecraft:egg":3,"minecraft:furnace":1,"minecraft:stick":4,"minecraft:cooked_porkchop":3,"minecraft:porkchop":22,"minecraft:ink_sac":3,"minecraft:diorite":4,"minecraft:white_bed":1,"minecraft:oak_sapling":9,"minecraft:mutton":10,"minecraft:coal":38,"minecraft:white_wool":6,"minecraft:cobblestone":45}},"DataVersion":3465}