{"stats":{"minecraft:killed":{"minecraft:pig":11,"minecraft:witch":1,"minecraft:spider":2,"minecraft:creeper":1,"minecraft:sheep":6,"minecraft:skeleton":5,"minecraft:zombie":6,"minecraft:chicken":4,"minecraft:drowned":1,"minecraft:cow":2},"minecraft:dropped":{"minecraft:wheat_seeds":1,"minecraft:cooked_porkchop":3,"minecraft:purple_dye":1,"minecraft:diorite":4,"minecraft:ink_sac":3},"minecraft:mined":{"minecraft:white_bed":1,"minecraft:crafting_table":3,"minecraft:cornflower":1,"minecraft:torch":1,"minecraft:grass_block":4,"minecraft:poppy":1,"minecraft:tall_grass":1,"minecraft:lapis_ore":2,"minecraft:sugar_cane":12,"minecraft:diorite":3,"minecraft:furnace":2,"minecraft:iron_ore":53,"minecraft:grass":13,"minecraft:deepslate_iron_ore":3,"minecraft:coal_ore":99,"minecraft:oak_log":26,"minecraft:gravel":2,"minecraft:dirt":9,"minecraft:stone":92,"minecraft:deepslate":6,"minecraft:oak_leaves":40},"minecraft:broken":{"minecraft:stone_pickaxe":1},"minecraft:custom":{"minecraft:interact_with_furnace":30,"minecraft:mob_kills":39,"minecraft:interact_with_crafting_table":17,"minecraft:leave_game":1,"minecraft:time_since_death":44767,"minecraft:sleep_in_bed":3,"minecraft:time_since_rest":11728,"minecraft:sprint_one_cm":158777,"minecraft:damage_taken":1486,"minecraft:walk_one_cm":92385,"minecraft:drop":12,"minecraft:damage_dealt":4883,"minecraft:swim_one_cm":19436,"minecraft:fly_one_cm":122068,"minecraft:crouch_one_cm":4462,"minecraft:play_time":44767,"minecraft:sneak_time":3097,"minecraft:walk_under_water_one_cm":1536,"minecraft:jump":836,"minecraft:walk_on_water_one_cm":8379,"minecraft:total_world_time":44767,"minecraft:fall_one_cm":25507},"minecraft:used":{"minecraft:stone_sword":112,"minecraft:stone_pickaxe":263,"minecraft:wooden_pickaxe":8,"minecraft:iron_chestplate":1,"minecraft:torch":50,"minecraft:dirt":13,"minecraft:crafting_table":5,"minecraft:white_bed":1,"minecraft:chicken":1,"minecraft:stone_axe":3,"minecraft:cobblestone":5,"minecraft:purple_bed":2,"minecraft:furnace":3,"minecraft:cooked_porkchop":17,"minecraft:egg":3,"minecraft:iron_leggings":1},"minecraft:crafted":{"minecraft:red_dye":1,"minecraft:oak_planks":96,"minecraft:cooked_porkchop":8,"minecraft:crafting_table":3,"minecraft:purple_bed":1,"minecraft:iron_helmet":1,"minecraft:wooden_pickaxe":1,"minecraft:iron_sword":1,"minecraft:furnace":1,"minecraft:stone_axe":1,"minecraft:air":0,"minecraft:blue_dye":1,"minecraft:bow":1,"minecraft:iron_boots":1,"minecraft:iron_chestplate":1,"minecraft:purple_dye":2,"minecraft:stick":44,"minecraft:iron_ingot":30,"minecraft:iron_pickaxe":1,"minecraft:stone_pickaxe":2,"minecraft:stone_sword":1,"minecraft:iron_leggings":1,"minecraft:white_bed":1,"minecraft:torch":96},"minecraft:picked_up":{"minecraft:crafting_table":2,"minecraft:feather":3,"minecraft:chicken":4,"minecraft:andesite":1,"minecraft:leather":2,"minecraft:oak_log":24,"minecraft:gunpowder":1,"minecraft:lapis_lazuli":12,"minecraft:string":4,"minecraft:cornflower":1,"minecraft:dirt":13,"minecraft:bone":4,"minecraft:wheat_seeds":1,"minecraft:cobbled_deepslate":4,"minecraft:beef":3,"minecraft:poppy":1,"minecraft:glowstone_dust":3,"minecraft:sugar_cane":34,"minecraft:egg":3,"minecraft:furnace":2,"minecraft:raw_iron":56,"minecraft:stick":4,"minecraft:cooked_porkchop":14,"minecraft:torch":2,"minecraft:gravel":2,"minecraft:porkchop":22,"minecraft:ink_sac":3,"minecraft:diorite":5,"minecraft:white_bed":1,"minecraft:spider_eye":1,"minecraft:purple_bed":1,"minecraft:arrow":3,"minecraft:rotten_flesh":3,"minecraft:oak_sapling":9,"minecraft:mutton":10,"minecraft:coal":119,"minecraft:white_wool":6,"minecraft:cobblestone":95}},"DataVersion":3465}