{"stats":{"minecraft:killed":{"minecraft:pig":11,"minecraft:witch":1,"minecraft:spider":1,"minecraft:sheep":6,"minecraft:skeleton":5,"minecraft:zombie":4,"minecraft:chicken":4,"minecraft:drowned":1,"minecraft:cow":2},"minecraft:dropped":{"minecraft:wheat_seeds":1,"minecraft:cooked_porkchop":3,"minecraft:purple_dye":1,"minecraft:diorite":4,"minecraft:ink_sac":3},"minecraft:mined":{"minecraft:white_bed":1,"minecraft:crafting_table":3,"minecraft:cornflower":1,"minecraft:grass_block":4,"minecraft:poppy":1,"minecraft:tall_grass":1,"minecraft:sugar_cane":12,"minecraft:diorite":2,"minecraft:furnace":2,"minecraft:iron_ore":17,"minecraft:grass":13,"minecraft:coal_ore":63,"minecraft:oak_log":26,"minecraft:gravel":2,"minecraft:dirt":9,"minecraft:stone":84,"minecraft:oak_leaves":40},"minecraft:broken":{"minecraft:stone_pickaxe":1},"minecraft:custom":{"minecraft:interact_with_furnace":11,"minecraft:mob_kills":35,"minecraft:interact_with_crafting_table":7,"minecraft:leave_game":1,"minecraft:time_since_death":32767,"minecraft:sleep_in_bed":2,"minecraft:time_since_rest":996,"minecraft:sprint_one_cm":118920,"minecraft:damage_taken":1210,"minecraft:walk_one_cm":63107,"minecraft:drop":12,"minecraft:damage_dealt":3877,"minecraft:swim_one_cm":19296,"minecraft:fly_one_cm":91418,"minecraft:crouch_one_cm":4312,"minecraft:play_time":32767,"minecraft:sneak_time":2964,"minecraft:walk_under_water_one_cm":1456,"minecraft:jump":591,"minecraft:walk_on_water_one_cm":8337,"minecraft:total_world_time":32767,"minecraft:fall_one_cm":18125},"minecraft:used":{"minecraft:stone_sword":93,"minecraft:stone_pickaxe":170,"minecraft:wooden_pickaxe":8,"minecraft:torch":26,"minecraft:dirt":11,"minecraft:crafting_table":4,"minecraft:white_bed":1,"minecraft:chicken":1,"minecraft:stone_axe":3,"minecraft:cobblestone":2,"minecraft:purple_bed":1,"minecraft:furnace":3,"minecraft:cooked_porkchop":13,"minecraft:egg":2},"minecraft:crafted":{"minecraft:red_dye":1,"minecraft:oak_planks":96,"minecraft:cooked_porkchop":8,"minecraft:crafting_table":2,"minecraft:purple_bed":1,"minecraft:wooden_pickaxe":1,"minecraft:furnace":1,"minecraft:stone_axe":1,"minecraft:air":0,"minecraft:blue_dye":1,"minecraft:purple_dye":2,"minecraft:stick":44,"minecraft:stone_pickaxe":2,"minecraft:stone_sword":1,"minecraft:white_bed":1,"minecraft:torch":96},"minecraft:picked_up":{"minecraft:crafting_table":2,"minecraft:feather":3,"minecraft:chicken":4,"minecraft:leather":2,"minecraft:oak_log":24,"minecraft:cornflower":1,"minecraft:dirt":13,"minecraft:bone":4,"minecraft:wheat_seeds":1,"minecraft:beef":3,"minecraft:poppy":1,"minecraft:glowstone_dust":3,"minecraft:sugar_cane":34,"minecraft:egg":3,"minecraft:furnace":2,"minecraft:raw_iron":17,"minecraft:stick":4,"minecraft:cooked_porkchop":14,"minecraft:torch":1,"minecraft:gravel":2,"minecraft:porkchop":22,"minecraft:ink_sac":3,"minecraft:diorite":4,"minecraft:white_bed":1,"minecraft:arrow":3,"minecraft:rotten_flesh":3,"minecraft:oak_sapling":9,"minecraft:mutton":10,"minecraft:coal":82,"minecraft:white_wool":6,"minecraft:cobblestone":84}},"DataVersion":3465}