{"stats":{"minecraft:killed":{"minecraft:wolf":1,"minecraft:pig":25,"minecraft:witch":1,"minecraft:zombie_villager":1,"minecraft:spider":6,"minecraft:creeper":2,"minecraft:sheep":8,"minecraft:skeleton":14,"minecraft:zombie":10,"minecraft:chicken":4,"minecraft:drowned":1,"minecraft:cow":2},"minecraft:dropped":{"minecraft:kelp":56,"minecraft:wheat_seeds":4,"minecraft:lapis_lazuli":3,"minecraft:cooked_porkchop":3,"minecraft:rotten_flesh":11,"minecraft:granite":1,"minecraft:cooked_mutton":2,"minecraft:purple_dye":1,"minecraft:gunpowder":2,"minecraft:diorite":5,"minecraft:ink_sac":3,"minecraft:andesite":8,"minecraft:spider_eye":3,"minecraft:bow":1},"minecraft:mined":{"minecraft:tuff":1,"minecraft:white_bed":1,"minecraft:deepslate_diamond_ore":2,"minecraft:kelp_plant":10,"minecraft:crafting_table":5,"minecraft:cornflower":2,"minecraft:torch":4,"minecraft:granite":1,"minecraft:grass_block":9,"minecraft:poppy":1,"minecraft:tall_grass":2,"minecraft:kelp":2,"minecraft:deepslate_gold_ore":14,"minecraft:lapis_ore":4,"minecraft:sugar_cane":12,"minecraft:diorite":4,"minecraft:wall_torch":1,"minecraft:purple_bed":3,"minecraft:furnace":7,"minecraft:cobbled_deepslate":1,"minecraft:iron_ore":56,"minecraft:andesite":12,"minecraft:deepslate_lapis_ore":12,"minecraft:grass":33,"minecraft:deepslate_iron_ore":5,"minecraft:coal_ore":202,"minecraft:oak_log":26,"minecraft:gravel":2,"minecraft:dirt":9,"minecraft:stone":143,"minecraft:deepslate":16,"minecraft:oak_leaves":43},"minecraft:broken":{"minecraft:stone_pickaxe":2,"minecraft:stone_sword":1},"minecraft:custom":{"minecraft:interact_with_furnace":57,"minecraft:mob_kills":79,"minecraft:interact_with_crafting_table":21,"minecraft:leave_game":1,"minecraft:time_since_death":86767,"minecraft:sleep_in_bed":5,"minecraft:time_since_rest":5558,"minecraft:sprint_one_cm":368600,"minecraft:damage_taken":2648,"minecraft:walk_one_cm":198814,"minecraft:damage_blocked_by_shield":210,"minecraft:drop":29,"minecraft:damage_dealt":10565,"minecraft:swim_one_cm":40147,"minecraft:fly_one_cm":282980,"minecraft:crouch_one_cm":5387,"minecraft:play_time":86767,"minecraft:sneak_time":3766,"minecraft:walk_under_water_one_cm":4941,"minecraft:jump":2055,"minecraft:walk_on_water_one_cm":10170,"minecraft:total_world_time":86767,"minecraft:fall_one_cm":51579},"minecraft:used":{"minecraft:cooked_mutton":10,"minecraft:diorite":1,"minecraft:stone_sword":134,"minecraft:stone_pickaxe":264,"minecraft:dried_kelp":8,"minecraft:shield":6,"minecraft:wooden_pickaxe":8,"minecraft:iron_sword":99,"minecraft:rotten_flesh":1,"minecraft:iron_chestplate":1,"minecraft:torch":80,"minecraft:dirt":13,"minecraft:crafting_table":7,"minecraft:white_bed":1,"minecraft:tuff":1,"minecraft:chicken":1,"minecraft:iron_pickaxe":227,"minecraft:gravel":2,"minecraft:stone_axe":6,"minecraft:bow":9,"minecraft:cobblestone":5,"minecraft:purple_bed":4,"minecraft:furnace":8,"minecraft:cooked_porkchop":24,"minecraft:andesite":1,"minecraft:egg":3,"minecraft:cobbled_deepslate":1,"minecraft:iron_leggings":1},"minecraft:crafted":{"minecraft:cooked_beef":3,"minecraft:red_dye":1,"minecraft:oak_planks":96,"minecraft:cooked_porkchop":18,"minecraft:crafting_table":3,"minecraft:purple_bed":1,"minecraft:dried_kelp":5,"minecraft:cooked_chicken":3,"minecraft:iron_helmet":1,"minecraft:wooden_pickaxe":1,"minecraft:iron_sword":1,"minecraft:furnace":2,"minecraft:bucket":1,"minecraft:stone_axe":1,"minecraft:cooked_mutton":12,"minecraft:air":0,"minecraft:blue_dye":1,"minecraft:bow":1,"minecraft:iron_boots":1,"minecraft:iron_chestplate":1,"minecraft:purple_dye":2,"minecraft:shield":1,"minecraft:stick":44,"minecraft:iron_ingot":30,"minecraft:iron_pickaxe":1,"minecraft:stone_pickaxe":2,"minecraft:stone_sword":1,"minecraft:iron_leggings":1,"minecraft:white_bed":1,"minecraft:torch":96,"minecraft:lapis_block":10},"minecraft:picked_up":{"minecraft:crafting_table":4,"minecraft:feather":3,"minecraft:chicken":4,"minecraft:andesite":9,"minecraft:leather":2,"minecraft:tuff":1,"minecraft:oak_log":24,"minecraft:gunpowder":4,"minecraft:lapis_lazuli":93,"minecraft:string":12,"minecraft:cornflower":1,"minecraft:dirt":25,"minecraft:bone":8,"minecraft:kelp":120,"minecraft:bow":1,"minecraft:wheat_seeds":4,"minecraft:cobbled_deepslate":19,"minecraft:raw_gold":14,"minecraft:iron_ingot":22,"minecraft:beef":3,"minecraft:poppy":1,"minecraft:glowstone_dust":3,"minecraft:sugar_cane":34,"minecraft:egg":3,"minecraft:furnace":7,"minecraft:raw_iron":61,"minecraft:stick":4,"minecraft:cooked_porkchop":14,"minecraft:torch":6,"minecraft:gravel":2,"minecraft:porkchop":47,"minecraft:dried_kelp":3,"minecraft:ink_sac":3,"minecraft:diorite":6,"minecraft:white_bed":1,"minecraft:spider_eye":3,"minecraft:purple_bed":4,"minecraft:arrow":20,"minecraft:rotten_flesh":13,"minecraft:diamond":2,"minecraft:granite":1,"minecraft:oak_sapling":9,"minecraft:mutton":16,"minecraft:coal":379,"minecraft:white_wool":9,"minecraft:cobblestone":155}},"DataVersion":3465}