{"stats":{"minecraft:killed":{"minecraft:pig":14,"minecraft:witch":1,"minecraft:zombie_villager":1,"minecraft:spider":6,"minecraft:creeper":1,"minecraft:sheep":7,"minecraft:skeleton":10,"minecraft:zombie":10,"minecraft:chicken":4,"minecraft:drowned":1,"minecraft:cow":2},"minecraft:dropped":{"minecraft:wheat_seeds":1,"minecraft:cooked_porkchop":3,"minecraft:rotten_flesh":11,"minecraft:granite":1,"minecraft:cooked_mutton":2,"minecraft:purple_dye":1,"minecraft:diorite":5,"minecraft:ink_sac":3,"minecraft:spider_eye":3},"minecraft:mined":{"minecraft:tuff":1,"minecraft:white_bed":1,"minecraft:deepslate_diamond_ore":2,"minecraft:crafting_table":4,"minecraft:cornflower":1,"minecraft:torch":1,"minecraft:granite":1,"minecraft:grass_block":4,"minecraft:poppy":1,"minecraft:tall_grass":1,"minecraft:deepslate_gold_ore":14,"minecraft:lapis_ore":2,"minecraft:sugar_cane":12,"minecraft:diorite":4,"minecraft:purple_bed":2,"minecraft:furnace":4,"minecraft:cobbled_deepslate":1,"minecraft:iron_ore":55,"minecraft:deepslate_lapis_ore":12,"minecraft:grass":17,"minecraft:deepslate_iron_ore":5,"minecraft:coal_ore":99,"minecraft:oak_log":26,"minecraft:gravel":2,"minecraft:dirt":9,"minecraft:stone":97,"minecraft:deepslate":16,"minecraft:oak_leaves":40},"minecraft:broken":{"minecraft:stone_pickaxe":2,"minecraft:stone_sword":1},"minecraft:custom":{"minecraft:interact_with_furnace":40,"minecraft:mob_kills":59,"minecraft:interact_with_crafting_table":19,"minecraft:leave_game":1,"minecraft:time_since_death":62767,"minecraft:sleep_in_bed":4,"minecraft:time_since_rest":4274,"minecraft:sprint_one_cm":244242,"minecraft:damage_taken":2355,"minecraft:walk_one_cm":145999,"minecraft:damage_blocked_by_shield":210,"minecraft:drop":18,"minecraft:damage_dealt":8512,"minecraft:swim_one_cm":19436,"minecraft:fly_one_cm":187927,"minecraft:crouch_one_cm":4462,"minecraft:play_time":62767,"minecraft:sneak_time":3097,"minecraft:walk_under_water_one_cm":1536,"minecraft:jump":1479,"minecraft:walk_on_water_one_cm":8635,"minecraft:total_world_time":62767,"minecraft:fall_one_cm":37521},"minecraft:used":{"minecraft:cooked_mutton":8,"minecraft:diorite":1,"minecraft:stone_sword":134,"minecraft:stone_pickaxe":264,"minecraft:shield":6,"minecraft:wooden_pickaxe":8,"minecraft:iron_sword":53,"minecraft:iron_chestplate":1,"minecraft:torch":57,"minecraft:dirt":13,"minecraft:crafting_table":5,"minecraft:white_bed":1,"minecraft:tuff":1,"minecraft:chicken":1,"minecraft:iron_pickaxe":53,"minecraft:gravel":2,"minecraft:stone_axe":5,"minecraft:bow":3,"minecraft:cobblestone":5,"minecraft:purple_bed":3,"minecraft:furnace":6,"minecraft:cooked_porkchop":20,"minecraft:andesite":1,"minecraft:egg":3,"minecraft:cobbled_deepslate":1,"minecraft:iron_leggings":1},"minecraft:crafted":{"minecraft:red_dye":1,"minecraft:oak_planks":96,"minecraft:cooked_porkchop":9,"minecraft:crafting_table":3,"minecraft:purple_bed":1,"minecraft:iron_helmet":1,"minecraft:wooden_pickaxe":1,"minecraft:iron_sword":1,"minecraft:furnace":2,"minecraft:stone_axe":1,"minecraft:cooked_mutton":10,"minecraft:air":0,"minecraft:blue_dye":1,"minecraft:bow":1,"minecraft:iron_boots":1,"minecraft:iron_chestplate":1,"minecraft:purple_dye":2,"minecraft:shield":1,"minecraft:stick":44,"minecraft:iron_ingot":30,"minecraft:iron_pickaxe":1,"minecraft:stone_pickaxe":2,"minecraft:stone_sword":1,"minecraft:iron_leggings":1,"minecraft:white_bed":1,"minecraft:torch":96},"minecraft:picked_up":{"minecraft:crafting_table":3,"minecraft:feather":3,"minecraft:chicken":4,"minecraft:andesite":1,"minecraft:leather":2,"minecraft:tuff":1,"minecraft:oak_log":24,"minecraft:gunpowder":1,"minecraft:lapis_lazuli":81,"minecraft:string":12,"minecraft:cornflower":1,"minecraft:dirt":13,"minecraft:bone":8,"minecraft:wheat_seeds":1,"minecraft:cobbled_deepslate":19,"minecraft:raw_gold":14,"minecraft:iron_ingot":22,"minecraft:beef":3,"minecraft:poppy":1,"minecraft:glowstone_dust":3,"minecraft:sugar_cane":34,"minecraft:egg":3,"minecraft:furnace":4,"minecraft:raw_iron":60,"minecraft:stick":4,"minecraft:cooked_porkchop":14,"minecraft:torch":2,"minecraft:gravel":2,"minecraft:porkchop":27,"minecraft:ink_sac":3,"minecraft:diorite":6,"minecraft:white_bed":1,"minecraft:spider_eye":3,"minecraft:purple_bed":3,"minecraft:arrow":14,"minecraft:rotten_flesh":13,"minecraft:diamond":2,"minecraft:granite":1,"minecraft:oak_sapling":9,"minecraft:mutton":12,"minecraft:coal":181,"minecraft:white_wool":7,"minecraft:cobblestone":100}},"DataVersion":3465}