{"stats":{"minecraft:killed":{"minecraft:pig":3,"minecraft:chicken":4,"minecraft:cow":2},"minecraft:dropped":{"minecraft:wheat_seeds":1,"minecraft:diorite":4},"minecraft:mined":{"minecraft:crafting_table":1,"minecraft:grass":3,"minecraft:oak_log":26,"minecraft:grass_block":4,"minecraft:coal_ore":12,"minecraft:dirt":3,"minecraft:stone":33,"minecraft:sugar_cane":1,"minecraft:diorite":2,"minecraft:oak_leaves":38},"minecraft:custom":{"minecraft:time_since_rest":10455,"minecraft:sprint_one_cm":24819,"minecraft:damage_taken":70,"minecraft:walk_one_cm":11071,"minecraft:mob_kills":9,"minecraft:drop":5,"minecraft:damage_dealt":660,"minecraft:swim_one_cm":4830,"minecraft:interact_with_crafting_table":4,"minecraft:fly_one_cm":12041,"minecraft:crouch_one_cm":4077,"minecraft:play_time":10455,"minecraft:sneak_time":2825,"minecraft:walk_under_water_one_cm":463,"minecraft:jump":107,"minecraft:leave_game":1,"minecraft:time_since_death":10455,"minecraft:walk_on_water_one_cm":996,"minecraft:total_world_time":10455,"minecraft:fall_one_cm":3512},"minecraft:used":{"minecraft:stone_sword":16,"minecraft:stone_pickaxe":45,"minecraft:wooden_pickaxe":7,"minecraft:stone_axe":1,"minecraft:dirt":3,"minecraft:crafting_table":1},"minecraft:crafted":{"minecraft:oak_planks":96,"minecraft:crafting_table":1,"minecraft:stick":4,"minecraft:wooden_pickaxe":1,"minecraft:stone_pickaxe":1,"minecraft:stone_sword":1,"minecraft:stone_axe":1},"minecraft:picked_up":{"minecraft:stick":4,"minecraft:crafting_table":1,"minecraft:feather":3,"minecraft:chicken":4,"minecraft:leather":2,"minecraft:porkchop":6,"minecraft:oak_log":24,"minecraft:diorite":4,"minecraft:dirt":7,"minecraft:wheat_seeds":1,"minecraft:beef":3,"minecraft:oak_sapling":9,"minecraft:sugar_cane":1,"minecraft:coal":12,"minecraft:cobblestone":33,"minecraft:egg":2}},"DataVersion":3465}